ID,Full Name,Address,Mobile Number,Email,Password
U1,Test Testson,"Testgatan, 10, 32114, Testland",+4679312424,test.testson@hotmail.se,Testar1!
U2,Eric Andersson,"s, 2, 2, sd",+3213123213,eric.dsada@sadas.com,Testar1!
U3,Eric Andersson,"s, 2, 2, e",+42424242,ercsasc@dsakl.com,TEstar1!
U6,Eirc asda,"dsa, 32, 321, asda",+2132321312,redsz@odsa.se,AIKASdsa1!
U8,Eor ADAS,"dsadas, 123, 3124, ads",+3412340241,mkdas@ldas.pld,ALOdsa1!
U11,AD as,"adsd, 32, 321, dsa",+32103219123,dsak@kdsa.se,ASDasdlkdsa1!
U13,das asd,"das, 312, 32, dsa",+392398329,sdsa@kdsa.se,ASDsadsa1!
